[
  {
    "topic": "Orion AI Assistant Overview",
    "content": "Orion AI Assistant is a cutting-edge Web3 intelligence platform designed to help users navigate the complex world of blockchain technology, DeFi protocols, NFTs, and cryptocurrency ecosystems. Our AI provides professional guidance on wallet management, transaction planning, market analysis, and protocol information.",
    "category": "product",
    "keywords": ["orion", "ai", "assistant", "web3", "blockchain", "defi", "nft", "crypto"]
  },
  {
    "topic": "Wallet Management Features",
    "content": "Our wallet management system provides comprehensive balance checking across multiple tokens and chains, transaction history analysis, and gas fee optimization recommendations. Users can safely connect their wallets to get real-time balance information and portfolio insights.",
    "category": "features",
    "keywords": ["wallet", "balance", "tokens", "portfolio", "gas", "fees"]
  },
  {
    "topic": "Transaction Planning",
    "content": "Orion AI excels at transaction planning and workflow automation. Our LangGraph-powered system can break down complex Web3 tasks into manageable steps, calculate gas fees, verify sufficient balances, and guide users through secure transaction execution.",
    "category": "features",
    "keywords": ["transaction", "planning", "workflow", "langgraph", "gas", "execution"]
  },
  {
    "topic": "DeFi Protocol Support",
    "content": "We provide comprehensive information and guidance on major DeFi protocols including Uniswap, Aave, Compound, MakerDAO, and emerging protocols. Our AI can help users understand yield farming, liquidity provision, borrowing, and lending strategies.",
    "category": "defi",
    "keywords": ["defi", "uniswap", "aave", "compound", "makerdao", "yield", "farming", "liquidity"]
  },
  {
    "topic": "NFT and Digital Assets",
    "content": "Orion AI provides insights into the NFT ecosystem, including marketplace analysis, collection evaluation, and trend identification. We help users understand NFT valuations, rarity metrics, and trading strategies.",
    "category": "nft",
    "keywords": ["nft", "digital", "assets", "marketplace", "collection", "rarity", "trading"]
  },
  {
    "topic": "Security Best Practices",
    "content": "Security is paramount in Web3. Orion AI educates users on best practices including secure wallet setup, phishing prevention, smart contract auditing, and safe transaction verification. We emphasize the importance of DYOR (Do Your Own Research).",
    "category": "security",
    "keywords": ["security", "wallet", "phishing", "smart", "contract", "audit", "dyor"]
  }
]
