[
  {
    "topic": "Latest DeFi Developments",
    "content": "Stay updated with the latest developments in decentralized finance, including protocol upgrades, new yield opportunities, and regulatory changes affecting the DeFi space.",
    "category": "news",
    "keywords": ["defi", "developments", "protocol", "yield", "regulatory"]
  },
  {
    "topic": "Blockchain Scalability Solutions",
    "content": "Learn about the latest Layer 2 solutions, sidechains, and scaling technologies that are improving blockchain performance and reducing transaction costs.",
    "category": "news",
    "keywords": ["layer2", "scaling", "blockchain", "performance", "costs"]
  },
  {
    "topic": "NFT Market Trends",
    "content": "Track the evolving NFT landscape, including new marketplaces, innovative use cases, and cultural shifts in digital ownership and creator economics.",
    "category": "news",
    "keywords": ["nft", "marketplace", "digital", "ownership", "creator", "economics"]
  },
  {
    "topic": "Cryptocurrency Regulations",
    "content": "Monitor global regulatory developments affecting cryptocurrencies, including policy changes, compliance requirements, and their impact on the broader ecosystem.",
    "category": "news",
    "keywords": ["regulation", "policy", "compliance", "cryptocurrency", "ecosystem"]
  }
]
